Workbook

Sheet Raw_Data
A1: Incident_ID | B1: Created_Date | C1: City | D1: Priority | E1: Team | F1: Incident_Category | G1: Response_Time_Hours | H1: Resolution_Time_Hours | I1: SLA_Target_Hours | J1: Status | K1: SLA_Status
A2: INC101 | B2: 46296 | C2: Chennai | D2: High | E2: Team_A | F2: Power_Failure | G2: 2 | H2: 6 | I2: 8 | J2: Closed | K2: =IF(J2<>"Closed","Open",IF(H2<=I2,"Within SLA","Breached")) -> Within SLA
A3: INC102 | B3: 46296 | C3: Bengaluru | D3: High | E3: Team_B | F3: Network_Down | G3: 3 | H3: 10 | I3: 8 | J3: Closed | K3: =IF(J3<>"Closed","Open",IF(H3<=I3,"Within SLA","Breached")) -> Breached
A4: INC103 | B4: 46297 | C4: Chennai | D4: Critical | E4: Team_A | F4: Hardware_Fault | G4: 1 | H4: 3 | I4: 4 | J4: Closed | K4: =IF(J4<>"Closed","Open",IF(H4<=I4,"Within SLA","Breached")) -> Within SLA
A5: INC104 | B5: 46297 | C5: Coimbatore | D5: Medium | E5: Team_C | F5: Transmission_Issue | G5: 5 | H5: 18 | I5: 24 | J5: Closed | K5: =IF(J5<>"Closed","Open",IF(H5<=I5,"Within SLA","Breached")) -> Within SLA
A6: INC105 | B6: 46298 | C6: Hyderabad | D6: Low | E6: Team_D | F6: Alarm_Communication | G6: 8 | H6: 30 | I6: 48 | J6: Closed | K6: =IF(J6<>"Closed","Open",IF(H6<=I6,"Within SLA","Breached")) -> Within SLA
A7: INC106 | B7: 46298 | C7: Bengaluru | D7: Critical | E7: Team_B | F7: Network_Down | G7: 2 | H7: 7 | I7: 4 | J7: Closed | K7: =IF(J7<>"Closed","Open",IF(H7<=I7,"Within SLA","Breached")) -> Breached
A8: INC107 | B8: 46299 | C8: Chennai | D8: Medium | E8: Team_C | F8: Power_Failure | G8: 4 | H8: 12 | I8: 24 | J8: Closed | K8: =IF(J8<>"Closed","Open",IF(H8<=I8,"Within SLA","Breached")) -> Within SLA
A9: INC108 | B9: 46299 | C9: Mumbai | D9: High | E9: Team_D | F9: Hardware_Fault | G9: 2 | H9: 5 | I9: 8 | J9: Closed | K9: =IF(J9<>"Closed","Open",IF(H9<=I9,"Within SLA","Breached")) -> Within SLA
A10: INC109 | B10: 46300 | C10: Coimbatore | D10: High | E10: Team_A | F10: Network_Down | G10: 3 | H10: 11 | I10: 8 | J10: Closed | K10: =IF(J10<>"Closed","Open",IF(H10<=I10,"Within SLA","Breached")) -> Breached
A11: INC110 | B11: 46300 | C11: Hyderabad | D11: Medium | E11: Team_B | F11: Transmission_Issue | G11: 4 | H11: 20 | I11: 24 | J11: Closed | K11: =IF(J11<>"Closed","Open",IF(H11<=I11,"Within SLA","Breached")) -> Within SLA
A12: INC111 | B12: 46301 | C12: Chennai | D12: Critical | E12: Team_C | F12: Network_Down | G12: 1 | H12: 2 | I12: 4 | J12: Closed | K12: =IF(J12<>"Closed","Open",IF(H12<=I12,"Within SLA","Breached")) -> Within SLA
A13: INC112 | B13: 46301 | C13: Bengaluru | D13: Low | E13: Team_A | F13: Power_Failure | G13: 6 | H13: 52 | I13: 48 | J13: Closed | K13: =IF(J13<>"Closed","Open",IF(H13<=I13,"Within SLA","Breached")) -> Breached
... A16: INC115 | B16: 46303 | C16: Chennai | D16: High | E16: Team_A | F16: Transmission_Issue | G16: 2 | H16: 5 | I16: 8 | J16: Closed | K16: =IF(J16<>"Closed","Open",IF(H16<=I16,"Within SLA","Breached")) -> Within SLA
A17: INC116 | B17: 46303 | C17: Hyderabad | D17: Critical | E17: Team_D | F17: Power_Failure | G17: 1 | I17: In_Progress | K17: =IF(J17<>"Closed","Open",IF(H17<=I17,"Within SLA","Breached")) -> Open
A18: INC117 | B18: 46304 | C18: Bengaluru | D18: Medium | E18: Team_C | F18: Network_Down | G18: 5 | H18: 28 | I18: 24 | J18: Closed | K18: =IF(J18<>"Closed","Open",IF(H18<=I18,"Within SLA","Breached")) -> Breached
A19: INC118 | B19: 46304 | C19: Mumbai | D19: Low | E19: Team_B | F19: Hardware_Fault | G19: 7 | H19: 35 | I19: 48 | J19: Closed | K19: =IF(J19<>"Closed","Open",IF(H19<=I19,"Within SLA","Breached")) -> Within SLA
A20: INC119 | B20: 46305 | C20: Chennai | D20: High | E20: Team_D | F20: Network_Down | G20: 3 | H20: 12 | I20: 8 | J20: Closed | K20: =IF(J20<>"Closed","Open",IF(H20<=I20,"Within SLA","Breached")) -> Breached
A21: INC120 | B21: 46305 | C21: Coimbatore | D21: Medium | E21: Team_A | F21: Power_Failure | G21: 4 | H21: 15 | I21: 24 | J21: Closed | K21: =IF(J21<>"Closed","Open",IF(H21<=I21,"Within SLA","Breached")) -> Within SLA

Sheet KPI_Summary
B2: TELECOM INCIDENT & SLA DASHBOARD
A5: KPI_Name | B5: KPI_Value | D5: SLA Status | E5: Number of Incidents | G5: Business Insights Finding | K5: Project Overview Details
A6: Total Incidents | B6: =COUNTA(Raw_Data!A2:A21) -> 20 | D6: Within SLA | E6: =COUNTIF(Raw_Data!K2:K21,"Within SLA") -> 12 | G6: Total Incidents 20 incidents recorded | K6: Dataset 20 incidents
A7: Closed Incidents | B7: =COUNTIF(Raw_Data!J2:J21,"Closed") -> 19 | D7: Breached | E7: =COUNTIF(Raw_Data!K2:K21,"Breached") -> 7 | G7: SLA Compliance 63.16% of closed incidents met SLA | K7: Tool Excel 2021
A8: Open Incidents | B8: =COUNTIF(Raw_Data!K2:K21,"Open") -> 1 | G8: SLA Breaches 7 closed incidents breached SLA | K8: Focus SLA Performance
A9: SLA Breaches | B9: =COUNTIF(Raw_Data!K2:K21,"Breached") -> 7 | D9: Priority | E9: Number of Incidents | G9: Critical Incidents 4 critical incidents recorded | K9: Output KPI Dashboard
A10: SLA Compliance % | B10: =IFERROR(COUNTIF(Raw_Data!K2:K21,"Within SLA")/COUNTIF(Raw_Data!J2:J21,"Closed"),0) -> 0.63157895 | D10: High | E10: =COUNTIF(Raw_Data!D2:D21,"High") -> 7
A11: Average Resolution Hours | B11: =AVERAGE(Raw_Data!H2:H21) -> 15.578947 | D11: Medium | E11: =COUNTIF(Raw_Data!D2:D21,"Medium") -> 6
D12: Low | E12: =COUNTIF(Raw_Data!D2:D21,"Low") -> 3
D13: Critical | E13: =COUNTIF(Raw_Data!D2:D21,"Critical") -> 4
